{"train": [0.8057666666666666, 0.8823, 0.89575, 0.9055666666666666, 0.91235, 0.9188166666666666, 0.9267333333333333, 0.9316166666666666, 0.9365833333333333, 0.9428666666666666], "val": [0.7609, 0.893, 0.9001, 0.9033, 0.907, 0.9102, 0.848, 0.9204, 0.9163, 0.9228]}