{"train": [0.8127, 0.8845333333333333, 0.8972, 0.9069666666666667, 0.9155333333333333, 0.9202, 0.9262333333333334, 0.93365, 0.9370833333333334, 0.9436166666666667], "val": [0.8781, 0.8936, 0.8981, 0.8265, 0.9076, 0.9259, 0.9276, 0.92, 0.9263, 0.929]}